{"loss": [0.49309685826301575, 0.31500178575515747, 0.2467532753944397, 0.21270790696144104, 0.18275171518325806, 0.17060916125774384, 0.14844447374343872, 0.13684818148612976, 0.12637418508529663, 0.11810040473937988, 0.11129021644592285, 0.10122374445199966, 0.09428492188453674, 0.0881396010518074, 0.08327244222164154, 0.07865376025438309, 0.07302968204021454, 0.06793262809515], "accuracy": [0.7916049361228943, 0.902222216129303, 0.9303703904151917, 0.9451851844787598, 0.9501234292984009, 0.9511111378669739, 0.9580246806144714, 0.9575308561325073, 0.9575308561325073, 0.9629629850387573, 0.9634568095207214, 0.9688888788223267, 0.9693827033042908, 0.970370352268219, 0.9728395342826843, 0.9728395342826843, 0.9767901301383972, 0.9762963056564331], "val_loss": [0.6804535388946533, 0.5395097136497498, 0.6162545680999756, 0.5235375761985779, 0.6433292031288147, 0.5813791155815125, 0.7410603165626526, 0.46242278814315796, 0.7527698278427124, 0.582726240158081, 0.45645660161972046, 0.6083293557167053, 0.7409857511520386, 0.5675374269485474, 0.5707239508628845, 0.7818235158920288, 0.5680255889892578, 0.7607207298278809], "val_accuracy": [0.6475247740745544, 0.7524752616882324, 0.7405940890312195, 0.7920792102813721, 0.7564356327056885, 0.7841584086418152, 0.7524752616882324, 0.8277227878570557, 0.7643564343452454, 0.805940568447113, 0.8356435894966125, 0.815841555595398, 0.790099024772644, 0.815841555595398, 0.815841555595398, 0.7960395812988281, 0.8178218007087708, 0.805940568447113]}